ra,dec,gaia_g_mag,gaia_parallax,chandra_flux,separation_arcsec
253.1634174746486,34.96245484821845,14.605139,8.725101098819394,9.8794441385489e-14,0.5096718468614788
